CustomObjectType,CustomObjectName,CustomObjectDisplayName
levelBasedHierarchy,JobLevel,Job Level
mapping,Job_Design_0.Mapping.Exits_Mapping,Exits
mapping,Job_Design_0.Mapping.Resignation_count_mapping_Mapping,Resignation count mapping
mapping,Job_Design_0.Mapping.Head_count_mapping_Mapping,Head count mapping
mapping,Job_Design_0.Mapping.Gender_JobLevel_Resignation_Mapping_Mapping,Gender JobLevel Resignation Mapping
metric,Gender_HeadCount_Metric,Snapshot Recorder Headcount
metric,Gender_ResignationCount_Metric,Snapshot Recorder Resignation Count
overlay,h1k_Snapshot_Rollup_Overlay_Sample_Overlay,Snapshot Rollup Overlay Sample
overlay,h1k_Snapshot_Lookup_Overlay_Sample_Overlay,Snapshot Lookup Overlay Sample
property,d3m_Gender_JobLevel_Resignation_Overlay.JobLevel_Prop,Job Level
property,h1k_Snapshot_Lookup_Overlay_Sample_Overlay.HeadCount,Head Count
property,h1k_Snapshot_Lookup_Overlay_Sample_Overlay.JobLevel_Prop,Job Level
property,Employee.JobLevel,Job Level
property,h1k_Snapshot_Rollup_Overlay_Sample_Overlay.ResignationCount,Resignation Count
property,h1k_Snapshot_Rollup_Overlay_Sample_Overlay.JobLevel_Prop,Job Level
property,h1k_Snapshot_Rollup_Overlay_Sample_Overlay.Gender_Prop,Gender
property,h1k_Snapshot_Lookup_Overlay_Sample_Overlay.Gender_Prop,Gender
targetProperty,Job_Design_0.Mapping.Gender_JobLevel_Resignation_Mapping_Mapping.HeadCount,HeadCount
targetProperty,Job_Design_0.Mapping.Resignation_count_mapping_Mapping.JobLevel_Prop,JobLevel_Prop
targetProperty,Job_Design_0.Mapping.Head_count_mapping_Mapping.Gender_Prop,Gender_Prop
targetProperty,Job_Design_0.Mapping.Gender_JobLevel_Resignation_Mapping_Mapping.ResignationCount,ResignationCount
targetProperty,Job_Design_0.Mapping.Head_count_mapping_Mapping.EventDate,EventDate
targetProperty,Job_Design_0.Mapping.Resignation_count_mapping_Mapping.Gender_Prop,Gender_Prop
targetProperty,Job_Design_0.Mapping.Exits_Mapping.EmployeeID,EmployeeID
targetProperty,Job_Design_0.Mapping.Gender_JobLevel_Resignation_Mapping_Mapping.Key,Key
targetProperty,Job_Design_0.Mapping.Resignation_count_mapping_Mapping.EventDate,EventDate
targetProperty,Job_Design_0.Mapping.Head_count_mapping_Mapping.Key,Key
targetProperty,Job_Design_0.Mapping.Exits_Mapping.Termination_Reason-Termination_Reason,Termination_Reason-Termination_Reason
targetProperty,Job_Design_0.Mapping.Resignation_count_mapping_Mapping.ResignationCount,ResignationCount
targetProperty,Job_Design_0.Mapping.Head_count_mapping_Mapping.JobLevel_Prop,JobLevel_Prop
targetProperty,Job_Design_0.Mapping.Head_count_mapping_Mapping.HeadCount,HeadCount
targetProperty,Job_Design_0.Mapping.Exits_Mapping.Employer_Post_Termination,Employer_Post_Termination
targetProperty,Job_Design_0.Mapping.Exits_Mapping.Termination_Type,Termination_Type
targetProperty,Job_Design_0.Mapping.Gender_JobLevel_Resignation_Mapping_Mapping.EventDate,EventDate
targetProperty,Job_Design_0.Mapping.Resignation_count_mapping_Mapping.Key,Key
targetProperty,Job_Design_0.Mapping.Gender_JobLevel_Resignation_Mapping_Mapping.JobLevel_Prop,JobLevel_Prop
targetProperty,Job_Design_0.Mapping.Exits_Mapping.Termination_Reason-Termination_Detailed_Reason,Termination_Reason-Termination_Detailed_Reason
targetProperty,Job_Design_0.Mapping.Exits_Mapping.EventDate,EventDate
targetProperty,Job_Design_0.Mapping.Gender_JobLevel_Resignation_Mapping_Mapping.Gender_Prop,Gender_Prop
